USE ephone;

INSERT INTO brands (brand_id, brand_name, country, founded, website) VALUES
('b001', 'Apple',   'United States', 1976, 'https://www.apple.com'),
('b002', 'Samsung', 'South Korea',   1969, 'https://www.samsung.com'),
('b003', 'Xiaomi',  'China',         2010, 'https://www.mi.com'),
('b004', 'Vivo',    'China',         2009, 'https://www.vivo.com'),
('b005', 'OPPO',    'China',         2004, 'https://www.oppo.com');

INSERT INTO categories (category_id, category_name, description, min_price, max_price) VALUES
('c001', 'Flagship',    'Produk unggulan dengan spesifikasi tertinggi dan fitur premium', 8000000,  25000000),
('c002', 'Mid-range',   'Produk menengah dengan keseimbangan performa dan harga terbaik', 3000000,   7999999),
('c003', 'Entry Level', 'Produk terjangkau dengan fitur dasar untuk pengguna pemula',     1000000,   2999999);

INSERT INTO products (product_id, brand_id, category_id, product_name, model_number, release_year, price, stock, color_options, os_version) VALUES
('p001','b001','c001','Apple iPhone 16 Pro Max','A3293',2025,21999000, 45,'Black Titanium,White Titanium,Desert Titanium,Natural Titanium','iOS 18'),
('p002','b001','c001','Apple iPhone 16 Pro','A3292',2025,19499000, 60,'Black Titanium,White Titanium,Desert Titanium,Natural Titanium','iOS 18'),
('p003','b001','c001','Apple iPhone 17 Pro Max','A3401',2026,23999000, 30,'Black Titanium,White Titanium,Rose Titanium,Natural Titanium','iOS 19'),
('p004','b001','c001','Apple iPhone 17 Pro','A3400',2026,21499000, 38,'Black Titanium,White Titanium,Rose Titanium,Natural Titanium','iOS 19'),
('p005','b001','c001','Apple iPhone 17 Plus','A3399',2026,16999000, 55,'Midnight,Starlight,Pink,Teal,Ultramarine','iOS 19'),
('p006','b001','c001','Apple iPhone 17','A3398',2026,14999000, 72,'Midnight,Starlight,Pink,Teal,Ultramarine','iOS 19'),
('p007','b001','c001','Apple iPhone 16 Plus','A3291',2025,17999000, 50,'Black,White,Pink,Teal,Ultramarine','iOS 18'),
('p008','b001','c002','Apple iPhone 16','A3290',2025,15499000, 85,'Black,White,Pink,Teal,Ultramarine','iOS 18'),
('p009','b001','c002','Apple iPhone 16e','A3288',2026,10999000,110,'Black,White,Ultramarine','iOS 18.3'),
('p010','b001','c002','Apple iPhone 15','A3090',2025, 9999000,120,'Black,Yellow,Green,Pink,Blue','iOS 17'),
('p011','b001','c002','Apple iPhone 15 Plus','A3094',2025,11499000, 90,'Black,Yellow,Green,Pink,Blue','iOS 17'),
('p012','b001','c002','Apple iPhone SE 4','A3289',2026, 8499000,140,'Midnight,Starlight,Red','iOS 18'),
('p013','b001','c002','Apple iPhone 16 128GB Special','A3290S',2025,14999000, 65,'Midnight,Teal','iOS 18'),
('p014','b001','c002','Apple iPhone 15 Pro','A3101',2025,14499000, 75,'Black Titanium,White Titanium,Blue Titanium,Natural Titanium','iOS 17'),
('p015','b001','c003','Apple iPhone 14','A2882',2025, 7999000,160,'Midnight,Starlight,Blue,Purple,Red','iOS 17'),
('p016','b001','c003','Apple iPhone 14 Plus','A2886',2025, 8999000,130,'Midnight,Starlight,Blue,Purple,Red','iOS 17'),
('p017','b001','c003','Apple iPhone 13','A2633',2025, 6499000,200,'Midnight,Starlight,Blue,Pink,Green,Red','iOS 16'),
('p018','b001','c003','Apple iPhone 13 Mini','A2628',2025, 5999000,175,'Midnight,Starlight,Blue,Pink,Green,Red','iOS 16'),
('p019','b001','c003','Apple iPhone SE 3','A2595',2025, 5499000,210,'Midnight,Starlight,Red','iOS 15'),
('p020','b001','c003','Apple iPhone 12','A2404',2025, 4999000,240,'Black,White,Blue,Green,Red,Purple','iOS 15');


INSERT INTO products (product_id, brand_id, category_id, product_name, model_number, release_year, price, stock, color_options, os_version) VALUES
('p021','b002','c001','Samsung Galaxy S25 Ultra','SM-S938B',2025,19999000, 40,'Titanium Black,Titanium Gray,Titanium Whitesilver,Titanium Silverblue','Android 15 / One UI 7'),
('p022','b002','c001','Samsung Galaxy S25+','SM-S936B',2025,16499000, 55,'Icyblue,Mint,Navy,Silver Shadow','Android 15 / One UI 7'),
('p023','b002','c001','Samsung Galaxy S25','SM-S931B',2025,13999000, 70,'Icyblue,Mint,Navy,Silver Shadow','Android 15 / One UI 7'),
('p024','b002','c001','Samsung Galaxy S26 Ultra','SM-S938C',2026,21999000, 25,'Titanium Black,Titanium Silver,Titanium Blue,Titanium Gray','Android 16 / One UI 8'),
('p025','b002','c001','Samsung Galaxy S26+','SM-S936C',2026,17999000, 35,'Icy Blue,Mint,Navy,Coral','Android 16 / One UI 8'),
('p026','b002','c001','Samsung Galaxy Z Fold 6','SM-F956B',2025,22999000, 20,'Navy,Silver Shadow,Pink','Android 15 / One UI 7'),
('p027','b002','c001','Samsung Galaxy Z Flip 6','SM-F741B',2025,14999000, 45,'Mint,Yellow,Blue,Silver Shadow','Android 15 / One UI 7'),
('p028','b002','c002','Samsung Galaxy A56 5G','SM-A566B',2026, 6499000, 95,'Awesome Black,Awesome Iceblue,Awesome Lilac,Awesome Lime','Android 15 / One UI 7'),
('p029','b002','c002','Samsung Galaxy A36 5G','SM-A366B',2026, 4999000,110,'Awesome Black,Awesome Iceblue,Awesome Lilac','Android 15 / One UI 7'),
('p030','b002','c002','Samsung Galaxy A55 5G','SM-A556B',2025, 5999000,100,'Awesome Iceblue,Awesome Lilac,Awesome Navy,Awesome Lemon','Android 15 / One UI 7'),
('p031','b002','c002','Samsung Galaxy A35 5G','SM-A356B',2025, 4499000,130,'Awesome Iceblue,Awesome Lilac,Awesome Navy,Awesome Blue','Android 14 / One UI 6.1'),
('p032','b002','c002','Samsung Galaxy M56 5G','SM-M566B',2026, 5499000, 88,'Midnight Blue,Mint Green,Sandy Gold','Android 15'),
('p033','b002','c002','Samsung Galaxy S25 FE','SM-S731B',2026, 7499000, 75,'Icy Blue,Mint,White,Graphite','Android 15 / One UI 7'),
('p034','b002','c002','Samsung Galaxy A25 5G','SM-A256B',2025, 3999000,145,'Blue,Black,Yellow,Light Blue','Android 14 / One UI 6'),
('p035','b002','c003','Samsung Galaxy A16 5G','SM-A166B',2025, 2799000,185,'Black,Blue,Gold,Light Green','Android 15 / One UI 7'),
('p036','b002','c003','Samsung Galaxy A15 5G','SM-A156B',2025, 2499000,200,'Blue,Black,Light Blue,Yellow','Android 14'),
('p037','b002','c003','Samsung Galaxy A06s','SM-A067F',2025, 1899000,230,'Black,Blue,Gold','Android 14'),
('p038','b002','c003','Samsung Galaxy M15 5G','SM-M156B',2025, 2199000,210,'Blue Topaz,Celestine Blue,Grayish Black','Android 14'),
('p039','b002','c003','Samsung Galaxy A06 5G','SM-A065F',2026, 1799000,260,'Black,Blue,Gold,Cream','Android 14'),
('p040','b002','c003','Samsung Galaxy F16 5G','SM-F166B',2026, 2299000,195,'Blaze Orange,Epic Blue,Sparkling Black','Android 15');

INSERT INTO products (product_id, brand_id, category_id, product_name, model_number, release_year, price, stock, color_options, os_version) VALUES
('p041','b003','c001','Xiaomi 15 Ultra','2501117C',2025,17999000, 35,'Black,White,Olive Green','Android 15 / HyperOS 2'),
('p042','b003','c001','Xiaomi 15 Pro','2501116C',2025,14999000, 50,'Black,White,Sakura Pink','Android 15 / HyperOS 2'),
('p043','b003','c001','Xiaomi 15','2501115C',2025,12999000, 65,'Black,White,Mint Green','Android 15 / HyperOS 2'),
('p044','b003','c001','Xiaomi 15S Pro','2601001C',2026,15999000, 28,'Titanium Black,Titanium White,Pebble Blue','Android 16 / HyperOS 3'),
('p045','b003','c001','Xiaomi 15 Ultra Special Edition','2501117CS',2026,19999000, 15,'Ceramic Black,Ceramic White','Android 16 / HyperOS 3'),
('p046','b003','c001','Xiaomi Mix Flip 2','2501201C',2026,16999000, 22,'Black,White,Sakura','Android 16 / HyperOS 3'),
('p047','b003','c001','Xiaomi 14T Pro','23127PN0CC',2025,11999000, 60,'Titan Black,Titan Gray,Titan Blue','Android 15 / HyperOS 2'),
('p048','b003','c002','Xiaomi Redmi Note 14 Pro+ 5G','2409FPN6CI',2025, 4999000, 95,'Aurora Purple,Midnight Black,Glacier Blue','Android 14 / HyperOS 1.5'),
('p049','b003','c002','Xiaomi Redmi Note 14 Pro 5G','2409FPN6CG',2025, 3999000,115,'Midnight Black,Spearmint Green,Lavender Purple','Android 14 / HyperOS 1.5'),
('p050','b003','c002','Xiaomi Redmi Note 14 5G','2409FPPC4G',2025, 3299000,130,'Midnight Black,Spearmint Green,Ocean Teal','Android 14 / HyperOS 1.5'),
('p051','b003','c002','Xiaomi Redmi Note 15 Pro 5G','2501FPN6CI',2026, 4499000,105,'Midnight Black,Aurora Purple,Polar Blue','Android 15 / HyperOS 2'),
('p052','b003','c002','Xiaomi Redmi Note 15 5G','2501FPN6CG',2026, 3499000,125,'Midnight Black,Spearmint Green,Sky Blue','Android 15 / HyperOS 2'),
('p053','b003','c002','Xiaomi POCO X7 Pro','2501129C',2025, 5499000, 88,'Black,Yellow,Blue','Android 15 / HyperOS 2'),
('p054','b003','c002','Xiaomi POCO X7','2501130C',2025, 3999000,100,'Black,White,Blue','Android 14 / HyperOS 2'),
('p055','b003','c003','Xiaomi Redmi 14C 5G','2409FPN3CG',2025, 2199000,195,'Starlight Blue,Midnight Black,Sage Green','Android 14 / HyperOS 1'),
('p056','b003','c003','Xiaomi Redmi 14','2406FPN0CI',2025, 1999000,215,'Coral Purple,Midnight Black,Pearl Gold','Android 14 / HyperOS 1'),
('p057','b003','c003','Xiaomi Redmi 15 5G','2501FPN3CG',2026, 2499000,180,'Midnight Black,Starlight Blue,Mint Green','Android 15 / HyperOS 2'),
('p058','b003','c003','Xiaomi Redmi A4 5G','2407FRM8EG',2025, 1699000,250,'Star Light Blue,Midnight Black,Starfield Gold','Android 14 / HyperOS 1'),
('p059','b003','c003','Xiaomi POCO C75 5G','2501109C',2025, 1899000,225,'Black,Gold,Blue','Android 14 / HyperOS 1'),
('p060','b003','c003','Xiaomi POCO C85','2601101C',2026, 1799000,240,'Black,Sky Blue,Gold','Android 15 / HyperOS 2');


INSERT INTO products (product_id, brand_id, category_id, product_name, model_number, release_year, price, stock, color_options, os_version) VALUES

('p061','b004','c001','Vivo X200 Ultra','V2416A',2025,17499000, 30,'Titanium Black,Titanium Gray','Android 15 / OriginOS 5'),
('p062','b004','c001','Vivo X200 Pro','V2415A',2025,14999000, 45,'Titanium Gray,Cosmos Black,Natural Green','Android 15 / OriginOS 5'),
('p063','b004','c001','Vivo X200','V2414A',2025,11999000, 65,'Cosmos Black,Starry Night Blue,Natural Green','Android 15 / Funtouch OS 15'),
('p064','b004','c001','Vivo X300 Ultra','V2516A',2026,18999000, 20,'Titanium Silver,Titanium Black','Android 16 / OriginOS 6'),
('p065','b004','c001','Vivo X300 Pro','V2515A',2026,15999000, 32,'Cosmos Black,Titanium Gray,Forest Green','Android 16 / Funtouch OS 16'),
('p066','b004','c001','Vivo X Fold 4','V2421A',2026,22999000, 12,'Black,Silver','Android 16 / OriginOS 6'),
('p067','b004','c001','Vivo X200 Pro Mini','V2415M',2025,12999000, 50,'Cosmos Black,Rose Gold','Android 15 / Funtouch OS 15'),
('p068','b004','c002','Vivo V40 Pro','V2419A',2025, 6999000, 80,'Black,Titanium Gold,Titanium Blue','Android 14 / Funtouch OS 15'),
('p069','b004','c002','Vivo V40','V2418A',2025, 5499000, 100,'Diamond Black,Titanium Gold,Camelia Red','Android 14 / Funtouch OS 15'),
('p070','b004','c002','Vivo V40 Lite 5G','V2418L',2025, 3999000,120,'Titanium Gold,Titanium Silver,Camelia Red','Android 14 / Funtouch OS 14'),
('p071','b004','c002','Vivo V50 Pro','V2519A',2026, 7499000, 70,'Titanium Black,Titanium Gold,Rose','Android 15 / Funtouch OS 16'),
('p072','b004','c002','Vivo V50','V2518A',2026, 5999000, 90,'Diamond Black,Titanium Gold,Aqua Green','Android 15 / Funtouch OS 16'),
('p073','b004','c002','Vivo T4 Pro 5G','V2512T',2026, 4499000,105,'Phantom Black,Starlight Blue,Sage Green','Android 15 / Funtouch OS 15'),
('p074','b004','c002','Vivo Y200 Pro 5G','V2347A',2025, 3999000,115,'Diamond Black,Titanium Gold','Android 14 / Funtouch OS 14'),
('p075','b004','c003','Vivo Y29 5G','V2516Y',2026, 2699000,180,'Black,Gold,Blue','Android 15 / Funtouch OS 15'),
('p076','b004','c003','Vivo Y28s 5G','V2439A',2025, 2399000,200,'Crystal Black,Crystal Green,Crystal Gold','Android 14 / Funtouch OS 14'),
('p077','b004','c003','Vivo Y18e','V2442A',2025, 1699000,250,'Gems Black,Space Green','Android 13 / Funtouch OS 13'),
('p078','b004','c003','Vivo Y19s','V2444A',2025, 1899000,230,'Glitter Green,Glitter Black','Android 13 / Funtouch OS 13'),
('p079','b004','c003','Vivo Y39 5G','V2519Y',2026, 2599000,190,'Phantom Black,Lake Blue,Gold','Android 15 / Funtouch OS 15'),
('p080','b004','c003','Vivo Y18 5G','V2542A',2026, 1799000,260,'Black,Gold,Blue','Android 14 / Funtouch OS 14');


INSERT INTO products (product_id, brand_id, category_id, product_name, model_number, release_year, price, stock, color_options, os_version) VALUES
('p081','b005','c001','OPPO Find X8 Ultra','PHV110',2025,17999000, 28,'Titanium Black,Titanium Gray,Sepia Brown','Android 15 / ColorOS 15'),
('p082','b005','c001','OPPO Find X8 Pro','PHV110P',2025,14499000, 42,'Sea Blue,Titanium Black,Sepia Brown','Android 15 / ColorOS 15'),
('p083','b005','c001','OPPO Find X8','PHV100',2025,11999000, 60,'Space Black,Pearl White,Misty Green','Android 15 / ColorOS 15'),
('p084','b005','c001','OPPO Find X9 Ultra','PJV110',2026,19499000, 18,'Titanium Black,Titanium White,Desert Sand','Android 16 / ColorOS 16'),
('p085','b005','c001','OPPO Find X9 Pro','PJV110P',2026,15999000, 30,'Sea Blue,Titanium Black,Forest Green','Android 16 / ColorOS 16'),
('p086','b005','c001','OPPO Find N5','PHW110',2026,22499000, 15,'Black,Cream White','Android 16 / ColorOS 16'),
('p087','b005','c001','OPPO Find X8s','PHV120',2026,12999000, 55,'Space Black,Pearl White,Glacier Blue','Android 15 / ColorOS 15.1'),
('p088','b005','c002','OPPO Reno 13 Pro 5G','PHY910',2025, 7499000, 75,'Aurora Silver,Graphite Grey,Matte Black','Android 15 / ColorOS 15'),
('p089','b005','c002','OPPO Reno 13 5G','PHY900',2025, 5999000, 95,'Luminous Blue,Graphite Grey,Air Pink','Android 15 / ColorOS 15'),
('p090','b005','c002','OPPO Reno 13 F 5G','PHY800',2025, 4499000,115,'Graphite Grey,Marble White,Plum Purple','Android 14 / ColorOS 14.2'),
('p091','b005','c002','OPPO Reno 14 Pro 5G','PJY910',2026, 7999000, 65,'Aurora Silver,Midnight Blue,Sakura White','Android 16 / ColorOS 16'),
('p092','b005','c002','OPPO Reno 14 5G','PJY900',2026, 6499000, 85,'Luminous Blue,Graphite Grey,Mint Green','Android 16 / ColorOS 16'),
('p093','b005','c002','OPPO A5 Pro 5G','PHW210',2026, 3999000,120,'Black,Blue,Gold','Android 15 / ColorOS 15'),
('p094','b005','c002','OPPO A3 Pro 5G','PHV310',2025, 3499000,140,'Glowing Black,Sea Green,Starry Purple','Android 14 / ColorOS 14'),
('p095','b005','c003','OPPO A60 5G','PHV410',2025, 2799000,185,'Silk Blue,Marble Black,Starry Purple','Android 14 / ColorOS 14'),
('p096','b005','c003','OPPO A50 5G','PHV510',2025, 2499000,200,'Starry Black,Silky Blue,Sunset Orange','Android 14 / ColorOS 14'),
('p097','b005','c003','OPPO A18','PHW110A',2025, 1799000,255,'Glowing Black,Lake Blue,Gold','Android 13 / ColorOS 13.1'),
('p098','b005','c003','OPPO A38','PHV310A',2025, 1999000,235,'Glowing Black,Gold,Green','Android 13 / ColorOS 13.1'),
('p099','b005','c003','OPPO A5 5G','PJW210',2026, 2999000,175,'Starry Black,Misty Lavender,Aqua Blue','Android 15 / ColorOS 15'),
('p100','b005','c003','OPPO A3','PJV310',2026, 1899000,245,'Glowing Black,Aqua Blue,Gold','Android 15 / ColorOS 15');

INSERT INTO users (full_name, email, phone, password_hash, address, city, province, role) VALUES
('Andi Pratama',       'andi.pratama@gmail.com',    '08123456001', 'Andi123', 'Jl. Raya No. 1',        'Surabaya',   'Jawa Timur',    'customer'),
('Budi Santoso',       'budi.santoso@gmail.com',    '08123456002', 'Budi123', 'Jl. Melati No. 5',      'Jakarta',    'DKI Jakarta',   'customer'),
('Citra Dewi',         'citra.dewi@gmail.com',      '08123456003', 'Citra123', 'Jl. Merdeka No. 10',    'Bandung',    'Jawa Barat',    'customer'),
('Deni Kurniawan',     'deni.kurniawan@gmail.com',  '08123456004', 'Deni123', 'Jl. Pahlawan No. 3',    'Yogyakarta', 'DI Yogyakarta', 'customer'),
('Eka Putri',          'eka.putri@gmail.com',       '08123456005', 'Eka123', 'Jl. Sudirman No. 22',   'Semarang',   'Jawa Tengah',   'customer'),
('Fajar Hidayat',      'fajar.hidayat@gmail.com',   '08123456006', 'Fajar123', 'Jl. Ahmad Yani No. 7',  'Medan',      'Sumatera Utara','customer'),
('Gita Rahayu',        'gita.rahayu@gmail.com',     '08123456007', 'Gita123', 'Jl. Diponegoro No. 15', 'Makassar',   'Sulawesi Selatan','customer'),
('Hendra Wijaya',      'hendra.wijaya@gmail.com',   '08123456008', 'Hendra123', 'Jl. Imam Bonjol No. 8', 'Surabaya',   'Jawa Timur',    'customer'),
('Indah Sari',         'indah.sari@gmail.com',      '08123456009', 'Indah123', 'Jl. Gatot Subroto No. 4','Jakarta',   'DKI Jakarta',   'customer'),
('Joko Susilo',        'joko.susilo@gmail.com',     '08123456010', 'Joko123', 'Jl. Veteran No. 12',    'Malang',     'Jawa Timur',    'customer'),
('Kartika Sari',       'kartika.sari@gmail.com',    '08123456011', 'Kartika123', 'Jl. Pemuda No. 18',     'Bandung',    'Jawa Barat',    'customer'),
('Lukman Hakim',       'lukman.hakim@gmail.com',    '08123456012', 'Lukman123', 'Jl. Hayam Wuruk No. 6', 'Surabaya',   'Jawa Timur',    'customer'),
('Maya Anggraini',     'maya.anggraini@gmail.com',  '08123456013', 'Maya123', 'Jl. Nusa Indah No. 9',  'Denpasar',   'Bali',      'customer'),
('Naufal Rizki',       'naufal.rizki@gmail.com',    '08123456014', 'Naufal123', 'Jl. Sultan Hasanuddin No. 2','Makassar', 'Sulawesi Selatan','customer'),
('Olivia Putri',       'olivia.putri@gmail.com',    '08123456015', 'Olivia123', 'Jl. Raden Patah No. 11','Semarang',   'Jawa Tengah',   'customer'),
('Qori Amelia',        'qori.amelia@gmail.com',     '08123456017', 'Qori123', 'Jl. Teuku Umar No. 14', 'Banda Aceh', 'Aceh',          'customer'),
('Reza Firmansyah',    'reza.firmansyah@gmail.com', '08123456018', 'Reza123', 'Jl. W.R. Supratman No. 20','Surabaya','Jawa Timur',    'customer'),
('Siti Nuraini',       'siti.nuraini@gmail.com',    '08123456019', 'Siti123', 'Jl. Dirgantara No. 16', 'Balikpapan', 'Kalimantan Timur','customer'),
('Admin EPhone',       'admin@ephone.id',           '08001234567', 'Admin123',  'Jl. Teknologi No. 1',   'Surabaya',   'Jawa Timur',    'admin');


INSERT INTO orders (user_id, order_date, total_amount, shipping_address, status) VALUES
(1,  '2025-01-15 10:30:00', 21999000,  'Jl. Raya No. 1, Surabaya',            'delivered'),
(2,  '2025-02-20 14:15:00', 15499000,  'Jl. Melati No. 5, Jakarta',            'delivered'),
(3,  '2025-03-05 09:00:00',  5999000,  'Jl. Merdeka No. 10, Bandung',          'delivered'),
(4,  '2025-04-12 16:45:00',  3999000,  'Jl. Pahlawan No. 3, Yogyakarta',       'delivered'),
(5,  '2025-05-18 11:20:00', 19999000,  'Jl. Sudirman No. 22, Semarang',        'delivered'),
(6,  '2025-06-22 08:30:00',  4999000,  'Jl. Ahmad Yani No. 7, Medan',          'shipped'),
(7,  '2025-07-30 13:00:00', 11999000,  'Jl. Diponegoro No. 15, Makassar',      'shipped'),
(8,  '2025-08-14 15:30:00',  2799000,  'Jl. Imam Bonjol No. 8, Surabaya',      'delivered'),
(9,  '2025-09-03 10:00:00', 14999000,  'Jl. Gatot Subroto No. 4, Jakarta',     'delivered'),
(10, '2025-10-25 12:45:00',  3499000,  'Jl. Veteran No. 12, Malang',           'confirmed'),
(11, '2025-11-08 09:15:00', 17999000,  'Jl. Pemuda No. 18, Bandung',           'delivered'),
(12, '2025-12-12 17:00:00', 22999000,  'Jl. Hayam Wuruk No. 6, Surabaya',      'delivered'),
(13, '2026-01-07 11:30:00', 12999000,  'Jl. Nusa Indah No. 9, Denpasar',       'delivered'),
(14, '2026-01-20 14:00:00',  5499000,  'Jl. Sultan Hasanuddin No. 2, Makassar','shipped'),
(15, '2026-02-14 10:45:00', 23999000,  'Jl. Raden Patah No. 11, Semarang',     'confirmed'),
(16, '2026-03-01 08:00:00',  7499000,  'Jl. Cut Nyak Dien No. 3, Jakarta',     'pending'),
(17, '2026-03-18 16:30:00', 15999000,  'Jl. Teuku Umar No. 14, Banda Aceh',    'confirmed'),
(18, '2026-04-05 13:15:00',  6499000,  'Jl. W.R. Supratman No. 20, Surabaya',  'shipped'),
(19, '2026-05-10 09:45:00', 18999000,  'Jl. Dirgantara No. 16, Balikpapan',    'delivered'),
(1,  '2026-06-01 11:00:00', 19499000,  'Jl. Raya No. 1, Surabaya',             'pending');

INSERT INTO order_details (order_id, product_id, quantity, unit_price) VALUES
(1,  'p001', 1, 21999000),
(2,  'p008', 1, 15499000),
(3,  'p069', 1,  5999000),
(4,  'p054', 1,  3999000),
(5,  'p021', 1, 19999000),
(6,  'p048', 1,  4999000),
(7,  'p043', 1, 11999000),
(8,  'p095', 1,  2799000),
(9,  'p022', 1, 14999000),
(10, 'p094', 1,  3499000),
(11, 'p026', 1, 22999000),
(12, 'p026', 1, 22999000),
(13, 'p063', 1, 11999000),
(13, 'p055', 1,  2199000),  
(14, 'p053', 1,  5499000),
(15, 'p003', 1, 23999000),
(16, 'p068', 1,  6999000),
(17, 'p065', 1, 15999000),
(18, 'p028', 1,  6499000),
(19, 'p064', 1, 18999000),
(20, 'p004', 1, 19499000);


INSERT INTO payments (order_id, payment_date, amount, method, provider, status, transaction_ref) VALUES
(1,  '2025-01-15 10:35:00', 21999000, 'transfer',     'BCA',        'success', 'TRX-20250115-001'),
(2,  '2025-02-20 14:20:00', 15499000, 'credit_card',  'Visa',       'success', 'TRX-20250220-002'),
(3,  '2025-03-05 09:05:00',  5999000, 'ewallet',      'GoPay',      'success', 'TRX-20250305-003'),
(4,  '2025-04-12 16:50:00',  3999000, 'ewallet',      'OVO',        'success', 'TRX-20250412-004'),
(5,  '2025-05-18 11:25:00', 19999000, 'transfer',     'Mandiri',    'success', 'TRX-20250518-005'),
(6,  '2025-06-22 08:35:00',  4999000, 'paylater',     'Kredivo',    'success', 'TRX-20250622-006'),
(7,  '2025-07-30 13:05:00', 11999000, 'transfer',     'BNI',        'success', 'TRX-20250730-007'),
(8,  '2025-08-14 15:35:00',  2799000, 'cod',          NULL,         'success', 'TRX-20250814-008'),
(9,  '2025-09-03 10:05:00', 14999000, 'credit_card',  'Mastercard', 'success', 'TRX-20250903-009'),
(10, '2025-10-25 12:50:00',  3499000, 'ewallet',      'Dana',       'success', 'TRX-20251025-010'),
(11, '2025-11-08 09:20:00', 17999000, 'transfer',     'BCA',        'success', 'TRX-20251108-011'),
(12, '2025-12-12 17:05:00', 22999000, 'credit_card',  'Visa',       'success', 'TRX-20251212-012'),
(13, '2026-01-07 11:35:00', 12999000, 'ewallet',      'GoPay',      'success', 'TRX-20260107-013'),
(14, '2026-01-20 14:05:00',  5499000, 'transfer',     'BRI',        'success', 'TRX-20260120-014'),
(15, '2026-02-14 10:50:00', 23999000, 'credit_card',  'Mastercard', 'success', 'TRX-20260214-015'),
(16, '2026-03-01 08:05:00',  7499000, 'ewallet',      'ShopeePay',  'pending', 'TRX-20260301-016'),
(17, '2026-03-18 16:35:00', 15999000, 'transfer',     'Mandiri',    'success', 'TRX-20260318-017'),
(18, '2026-04-05 13:20:00',  6499000, 'paylater',     'Akulaku',    'success', 'TRX-20260405-018'),
(19, '2026-05-10 09:50:00', 18999000, 'ewallet',      'OVO',        'success', 'TRX-20260510-019'),
(20, '2026-06-01 11:05:00', 19499000, 'transfer',     'BCA',        'pending', 'TRX-20260601-020');


