USE ephone;

INSERT INTO brands (brand_id, brand_name, country, founded, website) VALUES
('b001', 'Apple',   'United States', 1976, 'https://www.apple.com'),
('b002', 'Samsung', 'South Korea',   1969, 'https://www.samsung.com'),
('b003', 'Xiaomi',  'China',         2010, 'https://www.mi.com'),
('b004', 'Vivo',    'China',         2009, 'https://www.vivo.com'),
('b005', 'OPPO',    'China',         2004, 'https://www.oppo.com');

INSERT INTO categories (category_id, category_name, description, min_price, max_price) VALUES
('c001', 'Flagship',    'Produk unggulan dengan spesifikasi tertinggi dan fitur premium', 8000000.00,  25000000.00),
('c002', 'Mid-range',   'Produk menengah dengan keseimbangan performa dan harga terbaik', 3000000.00,   7999999.00),
('c003', 'Entry Level', 'Produk terjangkau dengan fitur dasar untuk pengguna pemula',     1000000.00,   2999999.00);

INSERT INTO products (product_id, brand_id, category_id, product_name, model_number, release_year, price, stock, color_options) VALUES
('p001', 'b001', 'c001', 'Apple iPhone 16',          'A3290',    2024, 14999000.00, 45, 'Black, White, Pink, Teal, Ultramarine'),
('p002', 'b001', 'c001', 'Apple iPhone 16 Pro',      'A3292',    2024, 19499000.00, 38, 'Black Titanium, White Titanium, Desert Titanium'),
('p003', 'b001', 'c001', 'Apple iPhone 16 Pro Max',  'A3293',    2024, 21999000.00, 32, 'Black Titanium, White Titanium, Desert Titanium, Natural Titanium'),
('p004', 'b001', 'c001', 'Apple iPhone 17',          'A3398',    2025, 16499000.00, 50, 'Midnight, Starlight, Blue, Purple'),
('p005', 'b001', 'c001', 'Apple iPhone 17 Air',      'A3399',    2025, 18999000.00, 40, 'Slim Silver, Graphite, Rose Gold'),
('p006', 'b001', 'c001', 'Apple iPhone 17 Pro',      'A3400',    2025, 22499000.00, 35, 'Space Black, Titanium Silver, Deep Green'),
('p007', 'b001', 'c001', 'Apple iPhone 17 Pro Max',  'A3401',    2025, 24999000.00, 30, 'Space Black, Titanium Silver, Aurora Gold'),
('p008', 'b001', 'c001', 'Apple iPhone 16e',         'A3288',    2025, 10999000.00, 44, 'Black, White, Ultramarine'),
('p009', 'b002', 'c001', 'Samsung Galaxy S25 Ultra', 'SM-S938B', 2025, 19999000.00, 33, 'Titanium Black, Titanium Gray, Titanium Silverblue'),
('p010', 'b002', 'c001', 'Samsung Galaxy S25+',      'SM-S936B', 2025, 16499000.00, 42, 'Icy Blue, Mint, Navy'),
('p011', 'b002', 'c001', 'Samsung Galaxy S25',       'SM-S931B', 2025, 13999000.00, 48, 'Icy Blue, Mint, Silver Shadow'),
('p012', 'b002', 'c001', 'Samsung Galaxy S26 Ultra', 'SM-S948B', 2026, 21999000.00, 30, 'Titanium Charcoal, Obsidian Black, Luxury Gold'),
('p013', 'b002', 'c001', 'Samsung Galaxy S26+',      'SM-S946B', 2026, 17999000.00, 36, 'Neo Mint, Phantom Violet, Midnight Sky'),
('p014', 'b002', 'c001', 'Samsung Galaxy S26',       'SM-S931C', 2026, 14999000.00, 42, 'Icy Blue, Mint, Shadow Black'),
('p015', 'b002', 'c002', 'Samsung Galaxy A56 5G',    'SM-A566B', 2026,  6499000.00, 50, 'Awesome Black, Awesome Iceblue, Awesome Lime'),
('p016', 'b002', 'c002', 'Samsung Galaxy A36 5G',    'SM-A366B', 2026,  4999000.00, 45, 'Awesome Black, Awesome Lilac'),
('p017', 'b002', 'c002', 'Samsung Galaxy M56 5G',    'SM-M566B', 2026,  5499000.00, 40, 'Midnight Blue, Mint Green'),
('p018', 'b002', 'c003', 'Samsung Galaxy A16 5G',    'SM-A166B', 2025,  2799000.00, 48, 'Black, Blue, Light Green'),
('p019', 'b002', 'c003', 'Samsung Galaxy A06 5G',    'SM-A065F', 2026,  1799000.00, 50, 'Black, Blue, Cream'),
('p020', 'b003', 'c001', 'Xiaomi 15 Ultra',                 '2501117C',  2025, 17999000.00, 31, 'Black, White, Olive Green'),
('p021', 'b003', 'c001', 'Xiaomi 15 Pro',                   '2501116C',  2025, 14999000.00, 38, 'Black, White, Sakura Pink'),
('p022', 'b003', 'c001', 'Xiaomi 15S Pro',                  '2601001C',  2026, 15999000.00, 34, 'Titanium Black, Titanium White, Pebble Blue'),
('p023', 'b003', 'c001', 'Xiaomi Mix Flip 2',               '2501201C',  2026, 16999000.00, 30, 'Cosmic Black, Sakura Lavender'),
('p024', 'b003', 'c002', 'Xiaomi Redmi Note 14 Pro+ 5G',    '2409FPN6CI',2025,  4999000.00, 45, 'Aurora Purple, Midnight Black'),
('p025', 'b003', 'c002', 'Xiaomi Redmi Note 15 Pro 5G',     '2501FPN6CI',2026,  4499000.00, 47, 'Midnight Black, Polar Blue'),
('p026', 'b003', 'c002', 'Xiaomi Redmi Note 15 5G',         '2501FPN6CG',2026,  3499000.00, 50, 'Spearmint Green, Sky Blue'),
('p027', 'b003', 'c002', 'Xiaomi POCO X7 Pro',              '2501129C',  2025,  5499000.00, 40, 'Classic Black, POCO Yellow'),
('p028', 'b003', 'c003', 'Xiaomi Redmi 15 5G',              '2501FPN3CG',2026,  2499000.00, 42, 'Midnight Black, Starlight Blue'),
('p029', 'b003', 'c003', 'Xiaomi POCO C85',                 '2601101C',  2026,  1799000.00, 45, 'Black, Sky Blue'),
('p030', 'b004', 'c001', 'Vivo X200 Ultra',  'V2416A', 2025, 17499000.00, 30, 'Titanium Black, Titanium Gray'),
('p031', 'b004', 'c001', 'Vivo X200 Pro',   'V2415A', 2025, 14999000.00, 36, 'Titanium Gray, Cosmos Black'),
('p032', 'b004', 'c001', 'Vivo X300 Ultra', 'V2516A', 2026, 18999000.00, 32, 'Titanium Silver, Dark Shadow'),
('p033', 'b004', 'c001', 'Vivo X Fold 4',   'V2421A', 2026, 22999000.00, 30, 'Obsidian Black, Silk Silver'),
('p034', 'b004', 'c002', 'Vivo V50 Pro',    'V2519A', 2026,  7499000.00, 40, 'Titanium Black, Velvet Rose'),
('p035', 'b004', 'c002', 'Vivo V50',        'V2518A', 2026,  5999000.00, 44, 'Diamond Black, Aqua Green'),
('p036', 'b004', 'c002', 'Vivo T4 Pro 5G',  'V2512T', 2026,  4499000.00, 48, 'Phantom Black, Sage Green'),
('p037', 'b004', 'c003', 'Vivo Y29 5G',     'V2516Y', 2026,  2699000.00, 50, 'Mystic Black, Crystal Blue'),
('p038', 'b004', 'c003', 'Vivo Y39 5G',     'V2519Y', 2026,  2599000.00, 42, 'Phantom Black, Sunset Gold'),
('p039', 'b004', 'c003', 'Vivo Y18 5G',     'V2542A', 2026,  1799000.00, 46, 'Space Black, Satin Gold'),
('p040', 'b005', 'c001', 'OPPO Find X8 Pro',    'PHV110P', 2025, 14499000.00, 35, 'Sea Blue, Titanium Black'),
('p041', 'b005', 'c001', 'OPPO Find X9 Ultra',  'PJV110',  2026, 19499000.00, 30, 'Titanium Black, Desert Sand'),
('p042', 'b005', 'c001', 'OPPO Find N5',        'PHW110',  2026, 22499000.00, 30, 'Leather Black, Cream White'),
('p043', 'b005', 'c001', 'OPPO Find X8s',       'PHV120',  2026, 12999000.00, 38, 'Space Black, Glacier Blue'),
('p044', 'b005', 'c002', 'OPPO Reno 13 Pro 5G', 'PHY910',  2025,  7499000.00, 45, 'Aurora Silver, Graphite Grey'),
('p045', 'b005', 'c002', 'OPPO Reno 14 Pro 5G', 'PJY910',  2026,  7999000.00, 42, 'Midnight Blue, Sakura White'),
('p046', 'b005', 'c002', 'OPPO Reno 14 5G',     'PJY900',  2026,  6499000.00, 46, 'Luminous Blue, Mint Green'),
('p047', 'b005', 'c002', 'OPPO A5 Pro 5G',      'PHW210',  2026,  3999000.00, 50, 'Glow Black, Luxury Gold'),
('p048', 'b005', 'c003', 'OPPO A5 5G',          'PJW210',  2026,  2999000.00, 48, 'Starry Black, Aqua Blue'),
('p049', 'b005', 'c003', 'OPPO A3',             'PJV310',  2026,  1899000.00, 40, 'Glowing Black, Crystal Purple');

INSERT INTO product_specs (product_id, display_inch, chipset, ram, storage, battery, camera) VALUES
('p001', '6.1 inch OLED',             'Apple A18 Bionic',      '8GB',  '128GB',  '3560 mAh', '48MP + 12MP'),
('p002', '6.3 inch ProMotion OLED',   'Apple A18 Pro',         '8GB',  '256GB',  '3650 mAh', '48MP + 48MP + 12MP'),
('p003', '6.9 inch ProMotion OLED',   'Apple A18 Pro',         '8GB',  '512GB',  '4685 mAh', '48MP + 48MP + 12MP'),
('p004', '6.3 inch OLED',             'Apple A19 Bionic',      '12GB', '128GB',  '3800 mAh', '48MP + 12MP'),
('p005', '6.6 inch Ultra Thin OLED',  'Apple A19 Bionic',      '12GB', '256GB',  '3400 mAh', '48MP Single'),
('p006', '6.3 inch ProMotion OLED',   'Apple A19 Pro',         '12GB', '256GB',  '3900 mAh', '48MP + 48MP + 48MP'),
('p007', '6.9 inch ProMotion OLED',   'Apple A19 Pro',         '16GB', '1TB',    '4900 mAh', '48MP + 48MP + 48MP'),
('p008', '6.1 inch OLED',             'Apple A16 Bionic',      '8GB',  '128GB',  '3279 mAh', '48MP + 12MP'),
('p009', '6.8 inch Dynamic AMOLED 2X','Snapdragon 8 Elite',    '12GB', '512GB',  '5000 mAh', '200MP + 50MP + 12MP'),
('p010', '6.7 inch Dynamic AMOLED 2X','Snapdragon 8 Elite',    '12GB', '256GB',  '4900 mAh', '50MP + 10MP + 12MP'),
('p011', '6.2 inch Dynamic AMOLED 2X','Snapdragon 8 Elite',    '8GB',  '256GB',  '4000 mAh', '50MP + 10MP + 12MP'),
('p012', '6.9 inch Dynamic AMOLED 3X','Snapdragon 8 Elite Gen 2','16GB','512GB', '5100 mAh', '200MP + 64MP + 50MP'),
('p013', '6.7 inch Dynamic AMOLED 3X','Snapdragon 8 Elite Gen 2','12GB','256GB', '5000 mAh', '50MP + 50MP + 12MP'),
('p014', '6.2 inch Dynamic AMOLED 3X','Snapdragon 8 Elite Gen 2','12GB','128GB', '4000 mAh', '50MP + 12MP + 12MP'),
('p015', '6.7 inch Super AMOLED',     'Exynos 1580',           '8GB',  '256GB',  '5000 mAh', '50MP + 12MP + 5MP'),
('p016', '6.6 inch Super AMOLED',     'Exynos 1480',           '8GB',  '128GB',  '5000 mAh', '50MP + 8MP + 5MP'),
('p017', '6.5 inch IPS LCD',          'MediaTek Dimensity 6100+','8GB','256GB',  '6000 mAh', '50MP + 2MP'),
('p018', '6.7 inch Super AMOLED 90Hz','Exynos 1330',           '6GB',  '128GB',  '5000 mAh', '50MP + 5MP + 2MP'),
('p019', '6.7 inch PLS LCD',          'MediaTek Helio G85',    '4GB',  '64GB',   '5000 mAh', '50MP + 2MP'),
('p020', '6.73 inch LTPO AMOLED',     'Snapdragon 8 Elite',    '16GB', '512GB',  '5400 mAh', '50MP Quad Leica'),
('p021', '6.73 inch LTPO AMOLED',     'Snapdragon 8 Elite',    '12GB', '256GB',  '5000 mAh', '50MP Triple Leica'),
('p022', '6.55 inch AMOLED',          'MediaTek Dimensity 9400','12GB','256GB',  '5100 mAh', '50MP Triple Leica'),
('p023', '8.03 inch Foldable LTPO',   'Snapdragon 8 Elite',    '16GB', '512GB',  '5700 mAh', '50MP + 50MP + 50MP'),
('p024', '6.67 inch AMOLED Curved',   'Snapdragon 7s Gen 3',   '12GB', '512GB',  '6200 mAh', '50MP + 50MP + 12MP'),
('p025', '6.67 inch AMOLED 1.5K',     'MediaTek Dimensity 8300-Ultra','12GB','256GB','5500 mAh','200MP + 8MP + 2MP'),
('p026', '6.67 inch AMOLED 120Hz',    'Snapdragon 4 Gen 2',    '8GB',  '256GB',  '5000 mAh', '50MP + 8MP'),
('p027', '6.67 inch CrystalRes AMOLED','MediaTek Dimensity 8400','12GB','512GB', '5000 mAh', '64MP + 8MP + 2MP'),
('p028', '6.88 inch IPS LCD 120Hz',   'MediaTek Helio G81-Ultra','6GB','128GB',  '5160 mAh', '50MP + 2MP'),
('p029', '6.7 inch IPS LCD',          'MediaTek Helio G36',    '4GB',  '128GB',  '5000 mAh', '13MP Dual Camera'),
('p030', '6.78 inch AMOLED',          'MediaTek Dimensity 9400','16GB','512GB',  '6000 mAh', '200MP + 50MP + 50MP Zeiss'),
('p031', '6.78 inch AMOLED 1.5K',     'MediaTek Dimensity 9400','12GB','256GB',  '5800 mAh', '50MP Triple Zeiss'),
('p032', '6.82 inch LTPO AMOLED',     'MediaTek Dimensity 9500','16GB','512GB',  '6100 mAh', '50MP Quad Zeiss'),
('p033', '8.03 inch Foldable LTPO',   'Snapdragon 8 Elite',    '16GB', '512GB',  '5700 mAh', '50MP + 50MP + 50MP'),
('p034', '6.78 inch AMOLED 3D Curved','MediaTek Dimensity 8300','12GB','512GB',  '5500 mAh', '50MP Triple OIS'),
('p035', '6.78 inch AMOLED Curved',   'Snapdragon 7 Gen 3',    '8GB',  '256GB',  '5000 mAh', '50MP Dual Aura Light'),
('p036', '6.7 inch AMOLED 120Hz',     'Snapdragon 6 Gen 1',    '8GB',  '256GB',  '5500 mAh', '50MP + 8MP'),
('p037', '6.56 inch IPS LCD 90Hz',    'MediaTek Dimensity 6300','8GB', '256GB',  '5000 mAh', '50MP + 2MP'),
('p038', '6.6 inch IPS LCD 120Hz',    'Snapdragon 4 Gen 2',    '6GB',  '128GB',  '5000 mAh', '50MP + 2MP'),
('p039', '6.56 inch IPS LCD',         'MediaTek Helio G85',    '4GB',  '128GB',  '5000 mAh', '50MP Dual Camera'),
('p040', '6.78 inch AMOLED Curved',   'MediaTek Dimensity 9400','12GB','256GB',  '5910 mAh', '50MP Quad Hasselblad'),
('p041', '6.82 inch AMOLED',          'Snapdragon 8 Elite',    '16GB', '512GB',  '5600 mAh', '50MP Quad Hasselblad'),
('p042', '7.82 inch Foldable OLED',   'Snapdragon 8 Elite',    '16GB', '512GB',  '4805 mAh', '48MP + 64MP + 48MP'),
('p043', '6.59 inch AMOLED Flat',     'MediaTek Dimensity 9400','12GB','256GB',  '5630 mAh', '50MP Triple Camera'),
('p044', '6.7 inch AMOLED Curved',    'MediaTek Dimensity 8350','12GB','512GB',  '5000 mAh', '50MP + 50MP + 8MP'),
('p045', '6.7 inch AMOLED',           'MediaTek Dimensity 8400','12GB','256GB',  '5000 mAh', '50MP + 50MP + 8MP'),
('p046', '6.7 inch AMOLED 120Hz',     'MediaTek Dimensity 7300-Energy','8GB','256GB','5000 mAh','50MP + 8MP + 2MP'),
('p047', '6.7 inch OLED Flat',        'MediaTek Dimensity 7050','8GB', '256GB',  '5000 mAh', '50MP Dual Camera'),
('p048', '6.67 inch OLED 120Hz',      'Snapdragon 685',        '8GB',  '256GB',  '5000 mAh', '50MP + 2MP'),
('p049', '6.67 inch IPS LCD 90Hz',    'Snapdragon 680',        '4GB',  '128GB',  '5000 mAh', '50MP Dual Camera');

INSERT INTO users (full_name, email, phone, password, address, city, province, role) VALUES
('Abhista Athallah Dyfan', 'abhista.dyfan@gmail.com',  '081234567890', 'abhista123', 'Keputih Gg 2C',    'Surabaya', 'Jawa Timur', 'customer'),
('M. Rifqi Fathurrahman',  'rifqi.fathur@gmail.com',   '081234567891', 'rifqi123',   'Keputih Tegal',    'Surabaya', 'Jawa Timur', 'customer'),
('Ndaru Satria Tama',      'ndaru.satria@gmail.com',   '081234567892', 'ndaru123',   'Gebang Putih',     'Surabaya', 'Jawa Timur', 'customer'),
('Asfia Fahmisan',         'asfia.fahmisan@gmail.com', '081234567893', 'asfia123',   'Mulyosari',        'Surabaya', 'Jawa Timur', 'customer'),
('Super Admin EPhone',     'admin@ephone.id',          '08001234567',  'admin123',   'Tower 2 Lt. 7',    'Jakarta',  'DKI Jakarta','admin');

INSERT INTO vouchers (voucher_id, voucher_code, discount_percent, expired_date) VALUES
('v001', 'MABAITS2026',  15, '2026-09-01'),
('v002', 'EPHONEPROMO',  10, '2026-12-31'),
('v003', 'GAJIANHYPE',    5, '2026-07-05'),
('v004', 'IPHONEBARU',    8, '2026-08-15'),
('v005', 'SAMSUNGSERU',  12, '2026-08-20'),
('v006', 'XIAOMIMURAH',   7, '2026-07-25'),
('v007', 'VIVOPAS',       6, '2026-07-30'),
('v008', 'OPPODISKON',    9, '2026-08-10'),
('v009', 'WEEKENDSERU',   5, '2026-06-30'),
('v010', 'CASHBACKMAX',  11, '2026-10-10');

INSERT INTO orders (user_id, order_date, total_amount, shipping_address, status, voucher_id, notes) VALUES
(1, '2026-06-01 10:00:00', 12749150.00, 'Keputih Gg 2C, Surabaya',      'delivered', 'v001', 'Kirim ke kosan h-1 quiz'),
(2, '2026-06-02 11:30:00', 19499000.00, 'Keputih Tegal, Surabaya',      'shipped',   NULL,   'Bungkus ekstra bubble wrap'),
(3, '2026-06-03 14:15:00', 20239080.00, 'Gebang Putih, Surabaya',       'confirmed', 'v004', 'Warna Natural Titanium ya'),
(4, '2026-06-04 09:00:00', 16499000.00, 'Mulyosari B-12, Surabaya',     'pending',   NULL,   'Mohon segera diproses'),
(5, '2026-06-04 16:30:00', 17599120.00, 'Keputih Gg 2C, Surabaya',      'delivered', 'v005', 'Jangan dibanting, barang pecah belah'),
(2, '2026-06-05 13:00:00', 17999000.00, 'Keputih Tegal, Surabaya',      'confirmed', NULL,   NULL),
(3, '2026-06-05 19:45:00', 13949070.00, 'Gebang Putih, Surabaya',       'pending',   'v006', NULL),
(4, '2026-06-06 10:20:00',  1799000.00, 'Mulyosari B-12, Surabaya',     'cancelled', NULL,   'Salah pilih varian warna'),
(1, '2026-06-06 21:00:00', 14559090.00, 'Keputih Gg 2C, Surabaya',      'pending',   'v008', 'Kirim pakai gosend instant jika bisa'),
(2, '2026-06-07 08:15:00',  2799000.00, 'Keputih Tegal, Surabaya',      'delivered', NULL,   'Untuk hadiah adik');

INSERT INTO order_details (order_id, product_id, quantity, unit_price) VALUES
(1,  'p001', 1, 14999000.00),
(2,  'p002', 1, 19499000.00),
(3,  'p003', 1, 21999000.00),
(4,  'p004', 1, 16499000.00),
(5,  'p009', 1, 19999000.00),
(6,  'p013', 1, 17999000.00),
(7,  'p021', 1, 14999000.00),
(8,  'p019', 1,  1799000.00),
(9,  'p022', 1, 15999000.00),
(10, 'p018', 1,  2799000.00);

INSERT INTO payments (order_id, payment_date, amount, method, provider, status, transaction_ref) VALUES
(1,  '2026-06-01 10:05:00', 12749150.00, 'ewallet',     'GoPay',          'success', 'TX-ITS-101'),
(2,  '2026-06-02 11:35:00', 19499000.00, 'transfer',    'BCA',            'success', 'TX-BCA-102'),
(3,  '2026-06-03 14:20:00', 20239080.00, 'credit_card', 'Visa',           'success', 'TX-VISA-103'),
(4,  '2026-06-04 09:05:00', 16499000.00, 'paylater',    'ShopeePayLater', 'pending', 'TX-SPM-104'),
(5,  '2026-06-04 16:35:00', 17599120.00, 'transfer',    'Mandiri',        'success', 'TX-MND-105'),
(6,  '2026-06-05 13:05:00', 17999000.00, 'ewallet',     'OVO',            'success', 'TX-OVO-106'),
(7,  '2026-06-05 19:50:00', 13949070.00, 'transfer',    'BCA',            'pending', 'TX-BCA-107'),
(8,  '2026-06-06 10:25:00',  1799000.00, 'credit_card', 'Mastercard',     'failed',  'TX-MST-108'),
(9,  '2026-06-06 21:05:00', 14559090.00, 'ewallet',     'LinkAja',        'pending', 'TX-LAJ-109'),
(10, '2026-06-07 08:20:00',  2799000.00, 'cod',          NULL,            'success', 'TX-COD-110');

INSERT INTO cart (user_id, product_id, quantity) VALUES
(1, 'p005', 1),
(1, 'p006', 1),
(2, 'p012', 1),
(2, 'p017', 2),
(3, 'p023', 1),
(4, 'p007', 1),
(3, 'p004', 1),
(4, 'p013', 2),
(1, 'p022', 1),
(2, 'p020', 1);

INSERT INTO wishlist (user_id, product_id) VALUES
(1, 'p007'),
(2, 'p003'),
(3, 'p012'),
(4, 'p022'),
(1, 'p002'),
(2, 'p016'),
(3, 'p019'),
(4, 'p005'),
(1, 'p012'),
(4, 'p023');

INSERT INTO reviews (product_id, user_id, rating, comment) VALUES
('p001', 1, 5, 'Keren pol iPhone 16 nya, pelayanan ephone mantap!'),
('p002', 2, 4, 'Barang jos aman, tapi pengiriman agak lama sedikit.'),
('p003', 3, 5, 'Layar ProMotion ngeri mulusnya, top markotop.'),
('p009', 1, 5, 'Kamera S25 Ultra luar biasa jernih zoomnya.'),
('p013', 2, 5, 'S26+ layar tajam, performa flagship, batre awet banget.'),
('p020', 3, 4, 'Xiaomi 15 Ultra spek gahar gila, tapi agak anget pas main game.'),
('p018', 2, 5, 'Dapet diskon pas beli buat kado adik, puas banget.'),
('p034', 4, 5, 'Vivo V50 Pro emang juaranya kalau buat foto portrait malam hari.'),
('p045', 1, 4, 'Reno 14 Pro desainnya cakep dan elegan tipis.'),
('p048', 3, 5, 'OPPO A5 5G entry level yang oke banget buat harian.');

INSERT INTO activity_log (user_id, activity, activity_time) VALUES
(1, 'Melakukan login aplikasi pada perangkat MacBook Air', '2026-06-01 09:50:00'),
(1, 'Menerapkan kode voucher MABAITS2026',                 '2026-06-01 09:58:00'),
(2, 'Mengubah alamat utama pengiriman ke Keputih Tegal',   '2026-06-02 11:15:00'),
(3, 'Menambahkan iPhone 16 Pro Max ke wishlist',           '2026-06-03 13:00:00'),
(4, 'Melakukan pencarian produk kategori Flagship',        '2026-06-04 08:45:00'),
(1, 'Menghapus barang dari keranjang belanja',             '2026-06-04 15:00:00'),
(2, 'Melihat katalog spesifikasi Xiaomi 15 Ultra',         '2026-06-05 12:30:00'),
(4, 'Membatalkan pesanan karena salah pilih variasi',      '2026-06-06 10:22:00'),
(3, 'Melakukan checkout keranjang belanja',                '2026-06-07 19:40:00'),
(1, 'Menulis review bintang 5 pada produk iPhone 16',      '2026-06-08 11:00:00');